[
  {
    "title": "Heat Sink Optimization (MATLAB)",
    "summary": "Optimized fin spacing and thickness for a compact thermal management system using parametric sweeps and fmincon.",
    "tags": [
      "MATLAB",
      "Heat Transfer",
      "Optimization"
    ],
    "image": "/assets/images/placeholder.svg",
    "links": {
      "report": "#",
      "code": "#",
      "video": "#"
    }
  },
  {
    "title": "Gearbox Design (SolidWorks)",
    "summary": "Modeled helical gear train; validated contact ratio and bearing loads. Produced drawings and exploded views.",
    "tags": [
      "SolidWorks",
      "CAD",
      "Manufacturing"
    ],
    "image": "/assets/images/placeholder.svg",
    "links": {
      "gallery": "#",
      "bom": "#"
    }
  },
  {
    "title": "Cleanroom Layout (Revit)",
    "summary": "Conceptual ISO\u20119 cleanroom with HVAC zoning, airflow visualization, and equipment schedule.",
    "tags": [
      "Revit",
      "BIM",
      "HVAC"
    ],
    "image": "/assets/images/placeholder.svg",
    "links": {
      "model": "#",
      "walkthrough": "#"
    }
  }
]